{"cameraMode":{"drawMode":0,"name":"Shaded","section":"Shading Mode"},"sceneLighting":true,"audioPlay":false,"sceneViewState":{"m_AlwaysRefresh":false,"showFog":true,"showSkybox":true,"showFlares":true,"showImageEffects":true,"showParticleSystems":true,"showVisualEffectGraphs":true,"m_FxEnabled":true},"in2DMode":false,"pivot":{"x":177.64500427246095,"y":425.6212463378906,"z":-11.13979721069336},"rotation":{"x":-0.07044129818677902,"y":-0.002992543624714017,"z":-0.00021132457186467946,"w":0.9975114464759827},"size":252.99752807617188,"orthographic":false}