{"cameraMode":{"drawMode":0,"name":"Shaded","section":"Shading Mode"},"sceneLighting":false,"audioPlay":false,"sceneViewState":{"m_AlwaysRefresh":false,"showFog":true,"showSkybox":false,"showFlares":true,"showImageEffects":true,"showParticleSystems":true,"showVisualEffectGraphs":true,"m_FxEnabled":true},"in2DMode":false,"pivot":{"x":-0.5799999237060547,"y":1.7300002574920655,"z":-0.0009818077087402344},"rotation":{"x":0.1531776487827301,"y":-0.4060077667236328,"z":0.06923508644104004,"w":0.8982849717140198},"size":0.8660287261009216,"orthographic":false}