{"cameraMode":{"drawMode":0,"name":"Shaded","section":"Shading Mode"},"sceneLighting":false,"audioPlay":false,"sceneViewState":{"m_AlwaysRefresh":false,"showFog":true,"showSkybox":false,"showFlares":true,"showImageEffects":true,"showParticleSystems":true,"showVisualEffectGraphs":true,"m_FxEnabled":true},"in2DMode":false,"pivot":{"x":0.22682636976242066,"y":6.614459991455078,"z":-21.721691131591798},"rotation":{"x":0.22374095022678376,"y":0.04530191048979759,"z":-0.010411309078335762,"w":0.9735426902770996},"size":2.9759156703948976,"orthographic":false}